Y,X11_date,X1_G,X2_OG,X3_W,X4_OW,X5_L,X6_OL,X7_S,X8_OS,X9_D,X10_Sta,C1_DFri,C1_DSat,C1_DSun,C2_East,C3_OEast,C4_DATL,C4_DNW,C4_DP,C4_DSE,C4_DSW,C5_ODATL,C5_ODNW,C5_ODP,C5_ODSE,C5_ODSW
21501,1,1,2,0,1,0,0,0,1,985,20917,0,0,0,1,1,0,0,0,0,0,1,0,0,0,0
19049,1,1,1,0,0,0,0,0,0,637,18118,0,0,0,1,1,0,0,0,1,0,0,0,0,1,0
17608,1,2,2,1,1,0,0,1,1,1739.7,17608,0,0,0,0,0,0,0,1,0,0,0,0,0,0,1
19500,1,2,1,1,0,0,0,1,0,967,19980,0,0,0,0,0,0,1,0,0,0,0,0,1,0,0
19600,2,2,2,1,1,0,0,1,1,727.5,19600,1,0,0,1,1,0,0,0,1,0,0,0,0,1,0
19911,2,2,2,0,1,1,0,-1,1,692.8,18303,1,0,0,0,0,0,1,0,0,0,0,0,1,0,0
20163,2,2,2,0,0,1,1,-1,-1,242.2,19200,1,0,0,0,0,0,0,0,0,1,0,0,0,0,1
17732,2,2,2,0,1,1,0,-1,1,728,17732,1,0,0,1,1,1,0,0,0,0,0,0,0,0,0
18217,2,2,2,0,0,1,1,-1,-1,2255,16867,1,0,0,0,0,0,0,0,0,1,0,0,1,0,0
19122,2,2,2,0,0,1,1,-1,-1,1196.7,22076,1,0,0,1,1,0,0,0,0,0,0,0,0,1,0
19800,2,2,2,1,1,0,0,1,1,467.9,19800,1,0,0,1,1,1,0,0,0,0,0,0,0,0,0
18203,2,2,2,1,0,0,1,1,-1,959.2,18203,1,0,0,0,0,0,1,0,0,0,0,0,1,0,0
12570,3,2,3,0,1,1,1,-1,1,890.1,18717,0,1,0,1,1,0,0,0,0,0,1,0,0,0,0
21373,3,2,3,1,1,0,1,1,-1,184.4,20917,0,1,0,1,1,0,0,0,0,0,0,0,0,0,0
20562,3,3,3,2,0,0,2,2,-2,1036.8,20562,0,1,0,1,1,0,0,0,0,0,0,0,0,1,0
18708,3,3,3,2,1,0,1,2,-1,838.5,19077,0,1,0,1,1,0,0,0,1,0,1,0,0,0,0
17608,3,3,2,1,0,1,1,-1,-1,1882.5,17608,0,1,0,0,0,0,0,1,0,0,0,1,0,0,0
18055,3,2,3,1,1,0,1,1,-1,1240.6,19155,0,1,0,0,0,0,1,0,0,0,0,1,0,0,0
16312,3,2,2,0,1,1,0,-1,1,770.9,20328,0,1,0,1,1,1,0,0,0,0,0,0,0,1,0
18418,3,3,3,2,0,0,2,2,-2,536.7,18418,0,1,0,0,0,0,0,0,0,1,0,0,0,0,1
19060,4,2,3,1,1,0,1,1,1,690.7,19060,0,0,1,0,0,0,0,1,0,0,0,1,0,0,0
15573,4,3,2,1,0,1,1,-1,-1,880.8,18119,0,0,1,0,1,0,0,0,0,1,0,0,0,1,0
19678,4,3,4,1,3,1,0,-1,3,1375.5,19600,0,0,1,1,0,0,0,0,1,0,0,0,0,0,1
15161,4,3,3,1,1,1,1,1,1,403.8,22076,0,0,1,1,1,0,0,0,0,0,0,0,0,0,0
18055,4,3,3,1,0,1,2,1,-2,242.3,18055,0,0,1,0,0,0,0,0,0,1,0,0,0,0,1
17011,4,3,3,0,1,2,1,-2,1,736.6,18422,0,0,1,0,0,0,0,1,0,0,0,0,1,0,0
18203,4,3,3,2,1,0,1,2,-1,1331.3,18203,0,0,1,0,0,0,1,0,0,0,0,0,1,0,0
11374,8,5,5,2,2,2,2,1,1,279.3,18717,0,0,0,1,1,0,0,0,0,0,0,0,0,0,0
20562,8,5,5,4,3,0,1,4,2,640.6,20562,0,0,0,1,1,0,0,0,0,0,1,0,0,0,0
17026,8,5,6,1,2,3,3,1,-2,2890.1,18846,0,0,0,1,0,0,0,0,1,0,0,0,1,0,0
11219,8,4,4,1,1,2,2,1,-2,913.2,19356,0,0,0,0,0,0,1,0,0,0,0,1,0,0,0
19596,8,5,5,3,4,1,0,3,4,1610.8,19596,0,0,0,0,0,0,0,1,0,0,0,1,0,0,0
22376,9,5,5,3,1,1,3,-1,-2,792.9,20917,1,0,0,1,1,0,0,0,0,0,1,0,0,0,0
17115,9,6,5,3,3,2,1,1,-1,1798,18119,1,0,0,0,0,0,0,0,0,1,0,0,1,0,0
19911,9,6,6,3,4,2,1,2,-1,1311.6,18303,1,0,0,0,0,0,1,0,0,0,0,0,0,0,1
18997,9,6,6,2,4,3,1,1,4,365.4,18997,1,0,0,0,0,0,0,1,0,0,0,0,1,0,0
19475,9,5,6,0,2,4,3,-4,-2,2032.7,19200,1,0,0,0,0,0,0,0,0,1,0,1,0,0,0
15775,9,6,5,2,3,3,1,1,1,627.1,17732,1,0,0,1,1,1,0,0,0,0,0,0,0,1,0
15379,9,6,6,0,1,5,4,-5,1,1519.4,16867,1,0,0,0,0,0,0,0,0,1,0,0,1,0,0
19800,9,5,5,3,2,1,2,2,1,1483.8,19800,1,0,0,1,1,1,0,0,0,0,0,0,0,1,0
14663,9,4,5,0,3,3,1,-3,-1,637.9,20356,1,0,0,1,1,0,0,0,1,0,0,0,0,1,0
16021,10,6,7,3,2,2,4,2,-3,2088.2,18717,0,1,0,1,0,0,0,0,0,0,0,0,1,0,0
16895,10,6,6,3,3,2,2,-2,1,793.3,18118,0,1,0,1,0,0,0,0,1,0,0,0,0,0,1
18846,10,6,5,2,1,3,3,2,1,846.6,18846,0,1,0,1,1,0,0,0,1,0,0,0,0,1,0
17020,10,6,6,2,3,3,2,-1,-2,184.1,17923,0,1,0,1,1,0,0,0,0,0,0,0,0,0,0
16218,10,6,5,3,2,2,2,-1,1,1290.3,22076,0,1,0,1,0,0,0,0,0,0,0,1,0,0,0
20497,10,5,6,0,5,4,0,-4,5,435,20328,0,1,0,1,1,1,0,0,0,0,0,0,0,0,0
18418,10,7,6,5,4,1,1,1,1,1358.1,18418,0,1,0,0,0,0,0,0,0,1,0,0,1,0,0
18203,10,6,5,4,1,1,3,-1,-1,788.6,18203,0,1,0,0,0,0,1,0,0,0,0,1,0,0,0
17452,11,6,6,3,2,2,3,-1,-1,1969.9,18624,0,0,1,1,0,1,0,0,0,0,0,1,0,0,0
16233,11,7,7,3,3,3,3,-1,1,2245.8,18119,0,0,1,0,0,0,0,0,0,1,0,1,0,0,0
19812,11,6,7,2,3,3,3,1,-1,2173.5,19812,0,0,1,1,0,1,0,0,0,0,0,1,0,0,0
18997,11,7,7,3,2,3,4,2,2,374.4,18997,0,0,1,0,0,0,0,1,0,0,0,0,1,0,0
19345,11,6,7,0,4,5,2,-5,3,1002.1,19200,0,0,1,0,1,0,0,0,0,1,0,0,0,0,0
19800,11,6,8,4,2,1,5,3,-4,2549.6,19800,0,0,1,1,0,1,0,0,0,0,0,0,1,0,0
12159,15,8,9,4,0,3,8,-1,-8,1014.4,18717,0,0,0,1,0,0,0,0,0,0,0,0,0,0,1
19600,15,7,9,2,4,4,4,-2,-1,1379.1,19600,0,0,0,1,1,0,0,0,1,0,0,0,0,0,0
17608,15,10,9,4,4,5,4,2,-1,386.4,17608,0,0,0,0,0,0,0,1,0,0,0,0,1,0,0
17569,15,8,9,3,6,4,2,-1,2,1252.8,19155,0,0,0,0,0,0,1,0,0,0,0,0,1,0,0
18624,16,8,8,3,3,4,4,-3,1,213.6,18624,1,0,0,1,1,1,0,0,0,0,1,0,0,0,0
18107,16,8,8,6,5,1,2,4,1,759.2,19077,1,0,0,1,1,0,0,0,1,0,1,0,0,0,0
18846,16,9,10,3,5,5,4,-2,-1,2311.2,18846,1,0,0,1,0,0,0,0,1,0,0,1,0,0,0
17643,16,8,9,0,4,7,4,-7,1,647.7,20328,1,0,0,1,1,1,0,0,0,0,0,0,0,0,0
18418,16,9,9,5,4,3,4,-2,-2,1486.1,18418,1,0,0,0,1,0,0,0,0,1,0,0,0,0,0
18203,16,9,9,6,7,2,1,-1,4,1331.3,18203,1,0,0,0,0,0,1,0,0,0,0,0,1,0,0
19918,16,10,11,5,4,4,6,-1,-1,579.8,19980,1,0,0,0,0,0,1,0,0,0,0,0,1,0,0
20356,16,8,8,2,6,5,1,1,-1,372.9,20356,1,0,0,1,1,0,0,0,1,0,0,0,0,0,0
14327,17,9,9,4,4,4,4,-2,1,623,18717,0,1,0,1,0,0,0,0,0,0,0,0,0,0,1
21962,17,10,9,5,2,4,6,1,-1,705.2,20917,0,1,0,1,1,0,0,0,0,0,0,0,0,1,0
17399,17,9,9,6,1,2,7,3,1,769,18118,0,1,0,1,1,0,0,0,1,0,1,0,0,0,0
19600,17,8,11,2,6,5,4,-3,1,2534,19600,0,1,0,1,0,0,0,0,1,0,0,1,0,0,0
13997,17,9,10,3,4,5,5,-2,-3,1278.9,19155,0,1,0,0,1,0,1,0,0,0,0,0,0,0,0
17923,17,10,9,4,4,5,4,-1,1,951.6,17923,0,1,0,1,1,0,0,0,0,0,1,0,0,0,0
17138,17,10,10,1,5,8,4,1,1,1893,16867,0,1,0,0,0,0,0,0,0,1,0,0,1,0,0
19800,17,9,9,6,3,2,5,2,-1,492,19800,0,1,0,1,1,1,0,0,0,0,1,0,0,0,0
18055,17,9,10,5,6,3,3,2,1,192.5,18055,0,1,0,0,0,0,0,0,0,1,0,0,0,0,1
17126,17,10,9,3,3,6,5,1,-1,2427.4,18422,0,1,0,0,1,0,0,1,0,0,1,0,0,0,0
14494,17,8,10,2,8,5,1,1,5,1930.3,19356,0,1,0,0,0,0,1,0,0,0,0,0,1,0,0
20562,18,9,9,7,6,1,2,1,-1,514.4,20562,0,0,1,1,1,0,0,0,0,0,0,0,0,1,0
18203,18,10,10,6,3,3,6,-2,-3,1284.2,18203,0,0,1,0,1,0,1,0,0,0,0,0,0,1,0
14432,18,9,11,2,6,6,4,-1,2,1930.3,19356,0,0,1,0,0,0,1,0,0,0,0,0,1,0,0
19362,18,11,10,6,3,4,6,1,-3,1240.7,19980,0,0,1,0,0,0,1,0,0,0,0,1,0,0,0
19596,18,10,11,7,3,2,7,3,-1,737.1,19596,0,0,1,0,0,0,0,1,0,0,0,0,1,0,0
19600,22,11,11,2,5,8,5,-6,-1,1474.6,19600,0,0,0,1,1,0,0,0,1,0,0,0,0,0,0
19911,22,13,12,7,7,5,4,-1,3,1397.1,18303,0,0,0,0,1,0,1,0,0,0,0,0,0,0,0
15550,22,12,13,6,7,5,5,-1,-1,2269.8,18055,0,0,0,0,0,0,0,0,0,1,0,1,0,0,0
16866,22,11,12,3,2,7,9,-1,1,1170.1,19356,0,0,0,0,1,0,1,0,0,0,1,0,0,0,0
16704,22,11,12,2,5,8,6,-3,2,228.8,20356,0,0,0,1,1,0,0,0,1,0,1,0,0,0,0
20562,23,12,13,9,6,2,6,-1,-1,199.4,20562,1,0,0,1,1,0,0,0,0,0,0,0,0,0,0
18624,23,12,12,6,9,5,2,1,5,3098.4,18624,1,0,0,1,0,1,0,0,0,0,0,0,1,0,0
17989,23,11,12,7,9,3,2,1,6,244.4,19077,1,0,0,1,1,0,0,0,1,0,0,0,0,1,0
17608,23,13,13,4,10,8,2,-3,-1,386.4,17608,1,0,0,0,0,0,0,1,0,0,0,0,1,0,0
18997,23,13,13,7,9,5,3,1,4,1358.6,18997,1,0,0,0,0,0,0,1,0,0,0,0,0,0,1
19715,23,11,12,2,6,8,5,-3,2,455.9,19200,1,0,0,0,0,0,0,0,0,1,0,0,0,0,1
12476,23,12,12,4,7,7,4,1,-2,1506.5,19155,1,0,0,0,1,0,1,0,0,0,1,0,0,0,0
16780,23,13,13,6,3,6,9,2,-3,1698.8,17923,1,0,0,1,0,0,0,0,0,0,0,0,1,0,0
15552,23,13,14,2,7,10,6,-1,-2,2535.6,16867,1,0,0,0,0,0,0,0,0,1,0,1,0,0,0
18203,23,13,12,7,4,5,7,1,-2,1469.7,18203,1,0,0,0,1,0,1,0,0,0,1,0,0,0,0
18717,24,12,13,5,10,6,2,-2,6,2171.9,18717,0,1,0,1,0,0,0,0,0,0,0,0,1,0,0
19060,24,14,13,11,8,2,4,1,4,2015.8,19060,0,1,0,0,1,0,0,1,0,0,0,0,0,0,0
17112,24,13,12,7,4,5,7,3,1,829.4,18119,0,1,0,0,0,0,0,0,0,1,0,1,0,0,0
18846,24,13,12,5,2,7,9,1,-4,1087.1,18846,0,1,0,1,0,0,0,0,1,0,0,0,0,0,1
15739,24,14,12,3,8,10,3,1,2,714.8,16867,0,1,0,0,1,0,0,0,0,1,0,0,0,1,0
16107,24,14,13,6,6,7,6,-2,-1,717.9,22076,0,1,0,1,1,0,0,0,0,0,1,0,0,0,0
14760,24,13,14,7,7,5,6,1,-2,1477.8,18055,0,1,0,0,0,0,0,0,0,1,0,1,0,0,0
18125,24,13,14,2,4,10,9,-1,1,2346.4,20328,0,1,0,1,0,1,0,0,0,0,0,0,1,0,0
15848,24,12,12,3,3,8,8,1,1,1050.5,20356,0,1,0,1,1,0,0,0,1,0,0,0,0,1,0
17608,25,14,13,4,8,9,4,-4,1,2551.9,17608,0,0,1,0,1,0,0,1,0,0,1,0,0,0,0
19812,25,13,13,5,9,7,3,-1,-1,865.6,19812,0,0,1,1,1,1,0,0,0,0,0,0,0,1,0
18997,25,14,14,7,8,6,5,-1,-1,2015.8,18997,0,0,1,0,1,0,0,1,0,0,0,0,0,0,0
16608,25,13,15,4,7,8,7,-3,-3,2895.8,17732,0,0,1,1,0,1,0,0,0,0,0,1,0,0,0
12565,25,13,15,4,7,8,7,-1,-3,519.6,19155,0,0,1,0,0,0,1,0,0,0,0,1,0,0,0
18203,25,14,14,8,6,5,7,2,-1,740.4,18203,0,0,1,0,1,0,1,0,0,0,0,0,0,0,0
16223,30,14,16,6,9,7,6,1,1,619.8,18717,1,0,0,1,1,0,0,0,0,0,1,0,0,0,0
20562,30,14,15,11,2,2,12,2,-7,1184.4,20562,1,0,0,1,0,0,0,0,0,0,0,0,0,0,1
18624,30,16,16,9,12,6,3,3,7,2037.2,18624,1,0,0,1,0,1,0,0,0,0,0,0,0,0,1
17222,30,16,15,10,4,5,10,6,-2,1043.4,18119,1,0,0,0,1,0,0,0,0,1,0,0,0,1,0
19911,30,17,16,8,10,8,5,1,1,1870.5,18303,1,0,0,0,1,0,1,0,0,0,0,0,0,1,0
17608,30,16,16,6,9,9,6,2,-1,1932.8,17608,1,0,0,0,0,0,0,1,0,0,0,0,0,0,1
19812,30,15,15,7,8,7,6,2,-3,627.9,19812,1,0,0,1,1,1,0,0,0,0,0,0,0,1,0
18997,30,17,16,8,13,8,2,-1,9,365.4,18997,1,0,0,0,0,0,0,1,0,0,0,0,1,0,0
17103,30,16,14,6,4,9,9,-2,1,846.6,18846,1,0,0,1,1,0,0,0,1,0,0,0,0,1,0
14327,30,16,17,6,8,9,8,-1,-3,677.6,19155,1,0,0,0,0,0,1,0,0,0,0,1,0,0,0
16083,30,17,15,7,4,9,10,-2,-5,730.2,17923,1,0,0,1,1,0,0,0,0,0,1,0,0,0,0
17023,30,17,17,7,14,9,2,1,4,2307.4,22076,1,0,0,1,0,0,0,0,0,0,0,0,1,0,0
18234,30,16,16,4,9,11,6,-1,-1,765,20328,1,0,0,1,1,1,0,0,0,0,0,0,0,0,0
16728,30,17,15,5,4,11,10,1,-3,1644.3,18422,1,0,0,0,0,0,0,1,0,0,0,1,0,0,0
19393,30,18,17,8,6,9,10,-2,4,2538.7,19980,1,0,0,0,0,0,1,0,0,0,0,0,0,0,1
19600,31,16,17,5,10,10,6,1,-1,1044.4,19600,0,1,0,1,0,0,0,0,1,0,0,0,0,0,1
19195,31,16,16,8,8,7,7,-4,3,626.5,19077,0,1,0,1,1,0,0,0,1,0,1,0,0,0,0
18203,31,18,18,9,8,8,9,1,2,1058.2,18203,0,1,0,0,1,0,1,0,0,0,0,0,0,0,0
19596,31,17,16,14,5,2,10,10,1,1966.3,19596,0,1,0,0,0,0,0,1,0,0,0,1,0,0,0
17066,31,15,17,5,13,9,3,2,8,1598,20356,0,1,0,1,0,0,0,0,1,0,0,0,0,0,1
18997,32,18,17,8,10,9,6,-2,-1,2176.2,18997,0,0,1,0,1,0,0,1,0,0,0,0,0,1,0
16521,32,17,15,6,6,10,8,-3,-1,1251.9,18846,0,0,1,1,1,0,0,0,1,0,0,0,0,0,0
19302,32,16,18,2,6,13,11,-8,-1,507.1,19200,0,0,1,0,0,0,0,0,0,1,0,0,0,0,1
13646,32,16,17,4,6,11,10,-6,-1,2824.3,17732,0,0,1,1,0,1,0,0,0,0,0,0,1,0,0
15572,32,18,18,8,14,9,3,1,-1,2071,17923,0,0,1,1,0,0,0,0,0,0,0,0,1,0,0
19311,32,17,15,4,12,12,2,-2,3,435,20328,0,0,1,1,1,1,0,0,0,0,0,0,0,0,0
15365,32,18,17,5,6,12,10,-1,-2,863.5,18422,0,0,1,0,0,0,0,1,0,0,0,1,0,0,0
19393,32,19,17,9,10,9,6,1,1,2272.5,19980,0,0,1,0,0,0,1,0,0,0,0,0,0,0,1
20562,36,17,20,13,14,3,5,-1,-3,2347.7,20562,0,0,0,1,0,0,0,0,0,0,0,0,1,0,0
13344,36,20,19,11,7,8,11,-2,1,819.8,18119,0,0,0,0,1,0,0,0,0,1,0,0,0,1,0
14471,36,19,18,10,3,8,14,-1,-1,1028.6,19077,0,0,0,1,0,0,0,0,1,0,0,0,0,0,1
19073,36,20,19,11,6,8,12,4,1,2532.7,18303,0,0,0,0,1,0,1,0,0,0,0,0,0,1,0
12675,36,18,17,5,8,12,8,1,2,883.2,17732,0,0,0,1,1,1,0,0,0,0,0,0,0,0,0
19596,36,19,19,16,11,2,7,12,-1,1914.3,19596,0,0,0,0,0,0,0,1,0,0,0,0,0,0,1
21775,37,18,18,10,13,7,4,-1,-2,345.8,20917,1,0,0,1,1,0,0,0,0,0,0,0,0,0,0
18624,37,19,19,10,7,8,11,-1,-1,3014.7,18624,1,0,0,1,0,1,0,0,0,0,0,0,1,0,0
15500,37,20,21,10,10,9,10,-4,2,752.4,18118,1,0,0,1,1,0,0,0,1,0,0,0,0,0,0
19812,37,19,19,9,5,9,13,1,-3,1199,19812,1,0,0,1,0,1,0,0,0,0,0,1,0,0,0
15549,37,19,20,7,12,11,7,-1,1,1032.3,19155,1,0,0,0,0,0,1,0,0,0,0,0,0,0,1
16538,37,20,21,7,15,12,5,1,1,1893,16867,1,0,0,0,0,0,0,0,0,1,0,0,1,0,0
19800,37,19,21,12,10,6,10,4,1,2521.9,19800,1,0,0,1,0,1,0,0,0,0,0,0,1,0,0
13711,37,19,20,4,7,14,12,-4,-1,979.7,20328,1,0,0,1,1,1,0,0,0,0,0,0,0,1,0
18418,37,20,18,15,6,4,11,1,-1,1601.6,18418,1,0,0,0,1,0,0,0,0,1,0,0,0,1,0
15565,38,18,19,9,5,8,13,3,-1,890.1,18717,0,1,0,1,1,0,0,0,0,0,1,0,0,0,0
17017,38,21,22,12,10,8,11,1,-1,1798,18119,0,1,0,0,0,0,0,0,0,1,0,0,1,0,0
16982,38,20,20,11,5,8,14,1,-4,1170.4,19077,0,1,0,1,0,0,0,0,1,0,0,1,0,0,0
19911,38,21,20,11,7,9,12,-1,-2,519.3,18303,0,1,0,0,0,0,1,0,0,0,0,1,0,0,0
19857,38,19,19,3,11,15,7,-2,1,971.4,19200,0,1,0,0,1,0,0,0,0,1,0,0,0,0,0
19800,38,20,21,13,10,6,10,5,-5,968.8,19800,0,1,0,1,1,1,0,0,0,0,0,0,0,1,0
17063,38,20,20,4,11,15,8,-5,1,312,20328,0,1,0,1,1,1,0,0,0,0,1,0,0,0,0
19393,38,21,20,10,7,10,12,1,2,3254,19980,0,1,0,0,1,0,1,0,0,0,0,0,0,1,0
19596,38,20,20,16,6,3,13,-1,1,731.1,19596,0,1,0,0,0,0,0,1,0,0,0,0,1,0,0
19060,39,22,20,16,9,5,10,2,-1,2069,19060,0,0,1,0,1,0,0,1,0,0,0,0,0,0,0
19812,39,20,20,10,7,9,12,2,-2,2820,19812,0,0,1,1,0,1,0,0,0,0,0,0,1,0,0
15206,39,22,21,11,8,10,12,3,1,1188,22076,0,0,1,1,1,0,0,0,0,0,0,0,0,1,0
18203,39,21,21,12,7,8,13,4,-1,708,18203,0,0,1,0,0,0,1,0,0,0,0,0,0,0,1
21489,43,22,23,11,18,10,4,-3,4,1198,20917,0,0,0,1,0,0,0,0,0,0,0,0,0,0,1
14317,43,24,24,15,12,8,11,4,-1,2246,18119,0,0,0,0,0,0,0,0,0,1,0,1,0,0,0
19911,43,24,23,14,19,9,3,3,3,738,18303,0,0,0,0,0,0,1,0,0,0,0,0,1,0,0
14158,43,23,23,7,4,15,18,-3,-8,1219,16867,0,0,0,0,1,0,0,0,0,1,1,0,0,0,0
19800,43,22,22,14,6,7,15,-1,-1,91,19800,0,0,0,1,0,1,0,0,0,0,0,1,0,0,0
12645,43,21,23,7,8,13,14,-1,-1,1678,20356,0,0,0,1,0,0,0,0,1,0,0,1,0,0,0
16289,44,21,24,11,11,9,12,1,1,812,18717,1,0,0,1,1,0,0,0,0,0,0,0,0,1,0
20562,44,21,23,15,7,5,15,2,-3,1240,20562,1,0,0,1,1,0,0,0,0,0,0,0,0,1,0
18624,44,23,23,13,15,9,7,1,1,549,18624,1,0,0,1,1,1,0,0,0,0,1,0,0,0,0
15707,44,23,24,13,10,9,13,2,-1,439,19077,1,0,0,1,1,0,0,0,1,0,0,0,0,1,0
17608,44,22,23,8,12,13,10,1,-1,2822,17608,1,0,0,0,1,0,0,1,0,0,1,0,0,0,0
18997,44,25,23,10,6,14,16,-4,-3,373,18997,1,0,0,0,0,0,0,1,0,0,0,0,1,0,0
19486,44,22,23,4,11,17,11,-2,1,901,19200,1,0,0,0,1,0,0,0,0,1,0,0,0,0,0
18203,44,23,23,14,15,8,7,6,4,447,18203,1,0,0,0,0,0,1,0,0,0,0,0,0,0,1
14109,44,23,25,6,12,16,12,-2,-1,705,19356,1,0,0,0,1,0,1,0,0,0,0,0,0,0,0
21450,45,23,24,12,7,10,16,1,-4,1378,20917,0,1,0,1,1,0,0,0,0,0,0,0,0,1,0
20562,45,22,24,16,14,5,9,3,3,514,20562,0,1,0,1,1,0,0,0,0,0,0,0,0,1,0
19060,45,24,24,16,7,7,16,-2,-4,1895,19060,0,1,0,0,0,0,0,1,0,0,0,0,0,0,1
18119,45,25,24,16,20,8,3,5,4,2077,18119,0,1,0,0,0,0,0,0,0,1,0,0,1,0,0
19331,45,25,23,14,8,10,14,-1,-1,649,18303,0,1,0,0,0,0,1,0,0,0,0,0,1,0,0
17010,45,25,24,10,8,14,15,-2,-2,1840,18846,0,1,0,1,0,0,0,0,1,0,0,1,0,0,0
16211,45,24,25,11,12,12,12,-1,-2,2263,17923,0,1,0,1,0,0,0,0,0,0,0,1,0,0,0
15761,45,24,23,16,5,7,17,5,1,242,18055,0,1,0,0,0,0,0,0,0,1,0,0,0,0,1
18418,45,24,22,18,6,5,15,-1,1,1826,18418,0,1,0,0,1,0,0,0,0,1,1,0,0,0,0
14816,45,22,22,8,11,13,10,1,-1,793,20356,0,1,0,1,1,0,0,0,1,0,0,0,0,0,0
18997,46,26,24,10,13,15,10,-5,1,2794,18997,0,0,1,0,1,0,0,1,0,0,1,0,0,0,0
7244,46,26,24,13,5,12,18,1,1,625,22076,0,0,1,1,1,0,0,0,0,0,1,0,0,0,0
16949,46,24,25,7,7,16,17,1,-5,1521,18422,0,0,1,0,0,0,0,1,0,0,0,0,0,0,1
18203,46,24,24,14,13,9,10,-1,-1,1678,18203,0,0,1,0,1,0,1,0,0,0,1,0,0,0,0
18452,46,24,25,6,20,17,4,-3,-1,1969,19356,0,0,1,0,0,0,1,0,0,0,0,0,1,0,0
16704,50,24,25,11,13,12,11,-3,-1,92,18717,0,0,0,1,1,0,0,0,0,0,0,0,0,0,0
10022,50,26,28,9,13,16,14,-1,1,1241,19155,0,0,0,0,0,0,1,0,0,0,0,1,0,0,0
15472,50,27,27,8,13,18,13,-1,-1,820,16867,0,0,0,0,1,0,0,0,0,1,0,0,0,0,0
17165,50,26,26,8,20,17,5,1,2,985,18422,0,0,0,0,0,0,0,1,0,0,0,0,0,0,1
19596,50,27,26,22,14,4,11,2,-1,2908,19596,0,0,0,0,1,0,0,1,0,0,1,0,0,0,0
21324,51,26,25,13,12,12,12,-2,1,93,20917,1,0,0,1,1,0,0,0,0,0,0,0,0,0,0
18624,51,26,27,13,14,12,12,-3,-3,836,18624,1,0,0,1,1,1,0,0,0,0,0,0,0,1,0
15987,51,28,26,18,9,9,16,1,-1,2093,18119,1,0,0,0,0,0,0,0,0,1,0,0,1,0,0
19600,51,27,27,9,19,17,7,2,3,2732,19600,1,0,0,1,0,0,0,0,1,0,0,0,1,0,0
18721,51,27,26,16,6,10,19,2,-1,1256,18303,1,0,0,0,0,0,1,0,0,0,0,0,0,0,1
17668,51,28,25,11,7,16,17,-1,1,1073,18846,1,0,0,1,1,0,0,0,1,0,1,0,0,0,0
19800,51,26,26,18,12,7,13,4,-1,969,19800,1,0,0,1,1,1,0,0,0,0,0,0,0,1,0
16728,51,27,28,19,9,7,18,8,1,347,18055,1,0,0,0,0,0,0,0,0,1,0,0,0,0,1
20491,51,26,29,6,10,19,18,-1,-8,2718,20328,1,0,0,1,0,1,0,0,0,0,0,0,1,0,0
15573,51,25,28,10,14,14,13,1,1,557,20356,1,0,0,1,1,0,0,0,1,0,0,0,0,0,0
20562,52,25,30,18,11,6,18,-1,1,2348,20562,0,1,0,1,0,0,0,0,0,0,0,0,1,0,0
17918,52,27,28,13,14,13,13,1,-4,244,18118,0,1,0,1,1,0,0,0,1,0,0,0,0,1,0
12042,52,27,27,10,14,16,12,1,-2,1779,19155,0,1,0,0,1,0,1,0,0,0,1,0,0,0,0
15231,52,29,28,14,13,14,14,-1,-2,314,22076,0,1,0,1,1,0,0,0,0,0,0,0,0,0,0
18203,52,27,27,15,8,11,18,-2,-1,959,18203,0,1,0,0,0,0,1,0,0,0,0,0,1,0,0
14689,52,26,28,7,20,18,7,1,9,1178,19356,0,1,0,0,0,0,1,0,0,0,0,0,0,0,1
19596,52,28,29,23,13,4,15,3,-1,636,19596,0,1,0,0,0,0,0,1,0,0,0,1,0,0,0
15862,53,29,28,18,17,10,10,-1,3,1527,18119,0,0,1,0,0,0,0,0,0,1,0,1,0,0,0
19600,53,28,27,9,14,18,12,-1,1,1487,19600,0,0,1,1,1,0,0,0,1,0,1,0,0,0,0
17251,53,29,27,12,18,16,8,1,-1,1279,18846,0,0,1,1,1,0,0,0,1,0,1,0,0,0,0
19504,53,27,27,6,10,20,16,-2,1,1744,19200,0,0,1,0,0,0,0,0,0,1,0,0,1,0,0
16460,53,27,26,6,7,20,18,-2,-1,101,20328,0,0,1,1,1,1,0,0,0,0,1,0,0,0,0
18615,53,27,29,21,9,5,19,3,-1,537,18418,0,0,1,0,0,0,0,0,0,1,0,0,0,0,1
17380,53,26,28,11,20,14,7,2,4,2673,20356,0,0,1,1,0,0,0,0,1,0,0,0,1,0,0
19060,57,30,29,21,23,8,5,1,5,1358,19060,0,0,0,0,0,0,0,1,0,0,0,0,0,0,1
19712,57,30,32,9,11,20,20,-3,-2,2732,19600,0,0,0,1,0,0,0,0,1,0,0,0,1,0,0
19812,57,29,31,15,13,13,17,1,1,1074,19812,0,0,0,1,1,1,0,0,0,0,0,0,0,1,0
17732,57,28,30,7,25,20,4,-3,5,2909,17732,0,0,0,1,0,1,0,0,0,0,0,0,1,0,0
17577,57,31,29,15,16,15,12,-1,3,939,17923,0,0,0,1,1,0,0,0,0,0,1,0,0,0,0
15921,58,28,29,13,13,14,15,-2,1,795,18717,1,0,0,1,1,0,0,0,0,0,0,0,0,1,0
20562,58,28,29,21,7,6,21,3,-4,464,20562,1,0,0,1,1,0,0,0,0,0,1,0,0,0,0
18624,58,30,30,17,17,12,12,4,1,1675,18624,1,0,0,1,0,1,0,0,0,0,0,1,0,0,0
19060,58,31,30,22,8,8,21,2,1,1438,19060,1,0,0,0,0,0,0,1,0,0,0,0,0,0,1
17454,58,32,31,19,22,12,8,1,1,570,18119,1,0,0,0,0,0,0,0,0,1,0,0,0,0,1
19249,58,30,29,16,14,13,14,2,-1,718,19077,1,0,0,1,1,0,0,0,1,0,0,0,0,0,0
19911,58,31,29,18,20,12,8,-2,2,1903,18303,1,0,0,0,1,0,1,0,0,0,1,0,0,0,0
18846,58,32,33,13,11,18,21,-1,-3,2508,18846,1,0,0,1,0,0,0,0,1,0,0,0,1,0,0
13823,58,30,30,12,14,17,15,-1,-1,1400,19155,1,0,0,0,1,0,1,0,0,0,0,0,0,1,0
16322,58,32,31,10,10,21,20,-1,1,863,16867,1,0,0,0,1,0,0,0,0,1,0,0,0,1,0
21012,58,32,31,14,26,17,4,-4,6,2420,22076,1,0,0,1,0,0,0,0,0,0,0,0,1,0,0
16535,58,30,29,8,7,21,21,-4,-1,2346,18422,1,0,0,0,1,0,0,1,0,0,1,0,0,0,0
13288,58,29,30,9,12,19,17,2,2,1880,19356,1,0,0,0,0,0,1,0,0,0,0,0,1,0,0
19393,58,32,30,13,23,18,6,-4,-1,2075,19980,1,0,0,0,0,0,1,0,0,0,0,0,0,0,1
20562,60,29,32,22,27,6,4,4,7,2460,20562,0,0,1,1,0,0,0,0,0,0,0,0,1,0,0
19812,60,30,31,16,17,13,13,2,-1,214,19812,0,0,1,1,1,1,0,0,0,0,1,0,0,0,0
18997,60,34,32,11,22,22,9,-4,-1,0,18997,0,0,1,0,0,0,0,1,0,0,0,0,1,0,0
18428,60,31,30,24,14,6,15,1,-2,1240,18418,0,0,1,0,1,0,0,0,0,1,0,0,0,0,0
18203,60,31,30,18,9,12,20,2,-1,789,18203,0,0,1,0,0,0,1,0,0,0,0,1,0,0,0
20562,64,31,33,23,19,7,13,-1,2,641,20562,0,0,0,1,1,0,0,0,0,0,1,0,0,0,0
18119,64,35,33,20,20,14,12,-2,4,467,18119,0,0,0,0,0,0,0,0,0,1,0,1,0,0,0
19471,64,33,33,18,10,14,22,1,-2,785,19077,0,0,0,1,1,0,0,0,1,0,0,0,0,1,0
19911,64,33,31,19,7,13,23,1,-3,2147,18303,0,0,0,0,1,0,1,0,0,0,1,0,0,0,0
18997,64,36,33,12,9,23,23,-1,-2,1438,18997,0,0,0,0,0,0,0,1,0,0,0,0,0,0,1
18055,64,33,32,9,22,23,9,-2,-1,2214,18422,0,0,0,0,1,0,0,1,0,0,1,0,0,0,0
18624,65,34,34,19,10,14,23,-1,-3,1489,18624,1,0,0,1,1,1,0,0,0,0,0,0,0,1,0
19009,65,33,35,16,15,16,19,1,-1,752,18118,1,0,0,1,1,0,0,0,1,0,0,0,0,0,0
13619,65,33,32,14,7,18,24,2,-4,1731,19155,1,0,0,0,1,0,1,0,0,0,1,0,0,0,0
17923,65,34,33,15,16,18,16,-4,2,188,17923,1,0,0,1,1,0,0,0,0,0,0,0,0,0,0
18124,65,35,32,13,16,21,15,3,-2,1307,16867,1,0,0,0,1,0,0,0,0,1,1,0,0,0,0
18055,65,34,35,24,22,9,12,2,-4,1549,18055,1,0,0,0,0,0,0,0,0,1,0,0,1,0,0
18418,65,33,35,26,14,6,20,3,1,2075,18418,1,0,0,0,0,0,0,0,0,1,0,1,0,0,0
17779,65,33,31,10,15,22,15,-1,1,337,19356,1,0,0,0,1,0,1,0,0,0,0,0,0,0,0
19596,65,34,34,28,10,5,23,1,1,1726,19596,1,0,0,0,0,0,0,1,0,0,0,0,0,0,1
16461,65,32,32,15,8,16,23,2,-1,229,20356,1,0,0,1,1,0,0,0,1,0,1,0,0,0,0
21838,66,34,32,16,15,17,16,-1,-1,93,20917,0,1,0,1,1,0,0,0,0,0,0,0,0,0,0
19519,66,34,32,19,24,14,7,2,1,515,19077,0,1,0,1,1,0,0,0,1,0,0,0,0,0,0
19911,66,34,34,20,10,13,23,2,1,660,18303,0,1,0,0,0,0,1,0,0,0,0,0,1,0,0
17608,66,33,36,14,21,18,14,-1,1,2093,17608,0,1,0,0,0,0,0,1,0,0,0,0,0,0,1
18055,66,35,33,25,16,9,16,3,-3,1630,18055,0,1,0,0,1,0,0,0,0,1,1,0,0,0,0
18203,66,34,36,20,22,13,13,-1,-5,1331,18203,0,1,0,0,0,0,1,0,0,0,0,0,1,0,0
18088,67,34,34,17,27,16,6,2,4,984,18118,0,0,1,1,0,0,0,0,1,0,0,0,0,0,1
19844,67,35,36,10,15,24,20,-4,-2,1414,19600,0,0,1,1,1,0,0,0,1,0,0,0,0,0,0
18997,67,37,33,12,22,24,10,-2,-2,2522,18997,0,0,1,0,1,0,0,1,0,0,1,0,0,0,0
17530,67,35,35,16,15,18,19,1,-1,970,17923,0,0,1,1,1,0,0,0,0,0,0,0,0,1,0
15804,67,34,36,11,14,22,21,1,-1,1729,19356,0,0,1,0,0,0,1,0,0,0,0,1,0,0,0
19570,71,36,37,11,11,24,25,1,1,1064,19200,0,0,0,0,0,0,0,0,0,1,0,0,1,0,0
14391,71,36,36,14,28,21,7,-3,1,937,19155,0,0,0,0,0,0,1,0,0,0,0,0,0,0,1
16421,71,37,34,18,8,18,25,3,-3,731,17923,0,0,0,1,1,0,0,0,0,0,1,0,0,0,0
15003,71,37,36,14,19,22,16,-1,4,471,16867,0,0,0,0,1,0,0,0,0,1,0,0,0,1,0
13723,71,38,37,16,20,21,16,-1,1,638,22076,0,0,0,1,1,0,0,0,0,0,0,0,0,1,0
19800,71,35,37,23,22,11,14,-1,-1,1092,19800,0,0,0,1,0,1,0,0,0,0,0,1,0,0,0
18055,71,37,37,27,21,9,15,5,-2,446,18055,0,0,0,0,0,0,0,0,0,1,0,1,0,0,0
19403,71,38,39,15,13,22,25,-1,1,967,19980,0,0,0,0,0,0,1,0,0,0,0,0,1,0,0
18717,72,35,36,18,16,16,19,3,-6,883,18717,1,0,0,1,1,0,0,0,0,0,1,0,0,0,0
18624,72,36,34,21,9,14,24,2,2,313,18624,1,0,0,1,1,1,0,0,0,0,1,0,0,0,0
17608,72,36,39,15,24,20,14,-1,2,390,17608,1,0,0,0,0,0,0,1,0,0,0,0,1,0,0
18997,72,40,38,13,11,26,26,-1,1,2733,18997,1,0,0,0,1,0,0,1,0,0,0,0,0,1,0
19272,72,38,38,16,28,21,9,-1,6,962,18846,1,0,0,1,0,0,0,0,1,0,0,0,0,0,1
17732,72,35,35,8,26,26,8,-4,-1,464,17732,1,0,0,1,1,1,0,0,0,0,0,0,0,0,0
19596,72,37,39,31,22,5,16,4,-2,2077,19596,1,0,0,0,0,0,0,1,0,0,0,0,0,0,1
18686,72,35,36,16,11,18,24,-2,-2,1109,20356,1,0,0,1,0,0,0,0,1,0,0,1,0,0,0
21195,73,37,36,18,24,18,11,2,1,521,20917,0,1,0,1,1,0,0,0,0,0,1,0,0,0,0
18624,73,37,38,22,14,14,23,3,-2,1524,18624,0,1,0,1,0,1,0,0,0,0,0,0,0,0,1
19655,73,37,37,11,20,25,16,-1,5,784,19200,0,1,0,0,1,0,0,0,0,1,0,0,0,1,0
17367,73,38,37,19,17,18,19,4,1,714,17923,0,1,0,1,1,0,0,0,0,0,1,0,0,0,0
18418,73,37,38,29,20,7,17,2,-1,984,18418,0,1,0,0,1,0,0,0,0,1,0,0,0,1,0
18203,73,38,37,21,14,16,22,-3,-4,679,18203,0,1,0,0,0,0,1,0,0,0,0,1,0,0,0
13945,73,37,38,11,22,25,15,-3,-2,1235,19356,0,1,0,0,0,0,1,0,0,0,0,1,0,0,0
15311,74,36,36,18,17,17,18,-1,1,795,18717,0,0,1,1,1,0,0,0,0,0,0,0,0,1,0
19060,74,40,39,25,11,14,27,3,-1,2733,19060,0,0,1,0,1,0,0,1,0,0,0,0,0,1,0
16112,74,40,39,23,23,16,15,1,1,1527,18119,0,0,1,0,0,0,0,0,0,1,0,1,0,0,0
17608,74,37,38,15,31,21,6,-2,-1,91,17608,0,0,1,0,0,0,0,1,0,0,0,0,1,0,0
18997,74,41,39,14,16,26,22,1,-2,2510,18997,0,0,1,0,1,0,0,1,0,0,0,0,0,1,0
16123,74,36,35,8,9,27,25,-5,-1,101,17732,0,0,1,1,1,1,0,0,0,0,1,0,0,0,0
19800,74,37,39,24,29,12,9,-1,7,1568,19800,0,0,1,1,0,1,0,0,0,0,0,0,0,0,1
18055,74,38,36,12,27,25,8,2,1,2014,18422,0,0,1,0,1,0,0,1,0,0,0,0,0,0,0
13506,74,39,39,16,17,22,21,1,1,2407,19980,0,0,1,0,1,0,1,0,0,0,0,0,0,0,0
19812,78,40,40,17,19,22,20,-3,-2,793,19812,0,0,0,1,1,1,0,0,0,0,0,0,0,0,0
14352,78,38,40,8,15,29,24,-7,1,1311,17732,0,0,0,1,0,1,0,0,0,0,0,0,0,0,1
18689,78,38,39,14,20,23,18,-5,5,1083,19155,0,0,0,0,1,0,1,0,0,0,0,0,0,0,0
18418,78,39,43,30,15,8,27,-1,-1,1359,18418,0,0,0,0,0,0,0,0,0,1,0,0,1,0,0
19874,78,39,39,12,11,26,27,-1,-3,1064,18422,0,0,0,0,0,0,0,1,0,0,0,0,0,0,1
19596,78,40,41,33,18,6,22,2,-1,2408,19596,0,0,0,0,1,0,0,1,0,0,0,0,0,0,0
17483,79,38,41,19,11,18,29,1,-3,1475,18717,1,0,0,1,1,0,0,0,0,0,0,0,0,1,0
18216,79,39,40,22,24,16,15,7,1,1074,18118,1,0,0,1,1,0,0,0,1,0,1,0,0,0,0
19911,79,41,42,24,18,16,23,1,-2,1675,18303,1,0,0,0,1,0,1,0,0,0,0,0,0,0,0
17608,79,39,39,16,28,22,10,1,-2,2375,17608,1,0,0,0,1,0,0,1,0,0,0,0,0,0,0
19800,79,39,39,25,8,13,30,1,-8,493,19800,1,0,0,1,1,1,0,0,0,0,1,0,0,0,0
18055,79,42,42,31,24,10,17,-1,-1,570,18055,1,0,0,0,0,0,0,0,0,1,0,0,0,0,1
18215,79,37,40,11,20,25,19,2,-3,531,20328,1,0,0,1,1,1,0,0,0,0,0,0,0,1,0
16644,79,40,41,13,24,26,16,2,3,789,19356,1,0,0,0,0,0,1,0,0,0,0,1,0,0,0
19344,79,42,41,18,16,23,24,2,-4,3032,19980,1,0,0,0,1,0,1,0,0,0,0,0,0,1,0
21916,80,41,41,19,16,21,24,-3,2,927,20917,0,1,0,1,0,0,0,0,0,0,0,0,0,0,1
19060,80,42,44,27,15,14,28,5,-2,0,19060,0,1,0,0,0,0,0,1,0,0,0,0,1,0,0
19911,80,42,42,25,17,16,24,2,1,2309,18303,0,1,0,0,1,0,1,0,0,0,0,0,0,1,0
20532,80,40,40,12,31,27,8,-2,1,985,18422,0,1,0,0,0,0,0,1,0,0,0,0,0,0,1
17880,80,39,38,19,12,19,25,-1,3,135,20356,0,1,0,1,1,0,0,0,1,0,1,0,0,0,0
18119,81,43,42,25,20,17,21,1,1,536,18119,0,0,1,0,1,0,0,0,0,1,0,0,0,0,0
14231,81,40,39,22,20,17,18,-1,2,813,18118,0,0,1,1,1,0,0,0,1,0,0,0,0,0,0
17608,81,40,42,16,24,23,17,-1,-1,1621,17608,0,0,1,0,0,0,0,1,0,0,0,1,0,0,0
18997,81,45,43,15,18,29,24,-3,-3,2294,18997,0,0,1,0,1,0,0,1,0,0,0,0,0,0,0
19655,81,40,41,12,14,27,26,1,3,990,19200,0,0,1,0,0,0,0,0,0,1,0,1,0,0,0
17732,81,40,43,8,31,31,11,-9,-2,1634,17732,0,0,1,1,0,1,0,0,0,0,0,0,0,0,1
19800,81,40,41,26,18,13,22,2,1,792,19800,0,0,1,1,1,1,0,0,0,0,1,0,0,0,0
20562,85,41,42,29,13,11,28,-1,-1,2014,20562,0,0,0,1,0,0,0,0,0,0,0,0,1,0,0
19060,85,44,43,29,14,14,28,7,-2,1928,19060,0,0,0,0,0,0,0,1,0,0,0,1,0,0,0
19600,85,43,42,12,14,30,27,1,3,1310,19600,0,0,0,1,0,0,0,0,1,0,0,0,0,0,1
19812,85,44,42,19,22,24,19,1,3,227,19812,0,0,0,1,1,1,0,0,0,0,0,0,0,1,0
18418,85,42,41,32,17,9,23,1,3,935,18418,0,0,0,0,0,0,0,0,0,1,0,1,0,0,0
16991,86,45,42,25,16,19,25,-2,-3,2088,18119,1,0,0,0,0,0,0,0,0,1,0,0,1,0,0
16328,86,43,44,24,21,18,22,-1,-1,717,18118,1,0,0,1,1,0,0,0,1,0,0,0,0,0,0
18378,86,43,43,21,28,21,14,1,-1,759,19077,1,0,0,1,1,0,0,0,1,0,1,0,0,0,0
18997,86,47,42,15,22,31,19,-5,2,2069,18997,1,0,0,0,1,0,0,1,0,0,0,0,0,0,0
19307,86,45,42,17,20,27,21,-3,-3,1252,18846,1,0,0,1,1,0,0,0,1,0,0,0,0,0,0
19421,86,43,44,14,27,28,16,-1,4,1241,19200,1,0,0,0,0,0,0,0,0,1,0,1,0,0,0
17004,86,44,42,17,8,26,33,1,-11,1313,16867,1,0,0,0,1,0,0,0,0,1,1,0,0,0,0
18055,86,46,43,33,36,12,6,1,5,1911,18055,1,0,0,0,0,0,0,0,0,1,0,0,1,0,0
19476,86,41,45,14,18,26,26,2,-3,2867,20328,1,0,0,1,0,1,0,0,0,0,0,1,0,0,0
21606,87,45,43,21,16,23,26,-2,-4,2045,20917,0,1,0,1,0,0,0,0,0,0,0,0,1,0,0
20562,87,42,43,30,33,11,9,1,2,1451,20562,0,1,0,1,0,0,0,0,0,0,0,0,0,0,1
18624,87,43,46,26,18,16,27,-1,-4,3086,18624,0,1,0,1,0,1,0,0,0,0,0,1,0,0,0
18119,87,46,47,26,33,19,13,1,-1,570,18119,0,1,0,0,0,0,0,0,0,1,0,0,0,0,1
15116,87,44,42,25,15,18,26,1,3,769,18118,0,1,0,1,1,0,0,0,1,0,1,0,0,0,0
19600,87,44,43,13,20,30,22,2,-4,1475,19600,0,1,0,1,1,0,0,0,1,0,0,0,0,0,0
18583,87,44,43,22,9,21,33,2,1,627,19077,0,1,0,1,1,0,0,0,1,0,1,0,0,0,0
19911,87,45,43,28,22,16,20,5,-1,1543,18303,0,1,0,0,1,0,1,0,0,0,0,0,0,0,0
19812,87,45,43,19,13,25,29,-1,-2,2410,19812,0,1,0,1,0,1,0,0,0,0,0,0,1,0,0
16056,87,42,45,17,29,24,15,-1,-1,1020,19155,0,1,0,0,0,0,1,0,0,0,0,0,1,0,0
18231,87,45,43,20,23,24,19,2,4,565,22076,0,1,0,1,1,0,0,0,0,0,0,0,0,1,0
18846,88,46,44,18,37,27,6,1,6,2871,18846,0,0,1,1,0,0,0,0,1,0,0,0,1,0,0
19484,88,44,48,14,16,29,31,-2,1,1438,19200,0,0,1,0,0,0,0,0,0,1,0,0,1,0,0
19800,88,44,44,28,14,15,29,-2,1,2243.3,19800,0,0,1,1,0,1,0,0,0,0,0,0,1,0,0
12788,88,44,43,15,18,28,24,1,1,913,19356,0,0,1,0,0,0,1,0,0,0,0,1,0,0,0
19911,92,48,50,29,16,18,33,-2,-2,693,18303,0,0,0,0,0,0,1,0,0,0,0,0,1,0,0
12231,92,45,46,19,15,25,30,1,-1,820,19155,0,0,0,0,0,0,1,0,0,0,0,0,1,0,0
18203,92,47,46,27,16,19,29,2,2,205,18203,0,0,0,0,0,0,1,0,0,0,0,0,0,0,1
14862,92,46,45,17,22,28,22,3,-3,592,19356,0,0,0,0,1,0,1,0,0,0,0,0,0,0,0
22082,93,48,47,23,16,24,30,-1,5,1378,20917,1,0,0,1,1,0,0,0,0,0,0,0,0,1,0
20562,93,45,46,30,9,14,36,-3,-3,472,20562,1,0,0,1,1,0,0,0,0,0,1,0,0,0,0
18624,93,46,48,27,18,18,29,1,-2,1286,18624,1,0,0,1,1,1,0,0,0,0,0,0,0,1,0
16968,93,47,46,27,25,19,20,1,2,637,18118,1,0,0,1,1,0,0,0,1,0,0,0,0,1,0
19812,93,48,47,20,23,27,23,-1,-2,628,19812,1,0,0,1,1,1,0,0,0,0,0,0,0,1,0
17522,93,46,46,23,18,22,27,1,2,2191,17923,1,0,0,1,0,0,0,0,0,0,0,0,1,0,0
17757,93,47,46,18,36,28,9,-1,5,537,16867,1,0,0,0,0,0,0,0,0,1,0,0,0,0,1
19800,93,47,46,28,21,18,24,-5,-1,618.3,19800,1,0,0,1,1,1,0,0,0,0,0,0,0,0,0
20588,93,45,50,17,34,27,15,2,-2,1540,20328,1,0,0,1,0,1,0,0,0,0,0,0,0,0,1
19558,93,48,48,20,27,27,20,2,1,2246,19980,1,0,0,0,0,0,1,0,0,0,0,0,0,0,1
18717,94,47,47,21,28,25,18,-2,2,1075,18717,0,1,0,1,1,0,0,0,0,0,1,0,0,0,0
19600,94,48,47,17,21,30,25,6,-1,1414,19600,0,1,0,1,1,0,0,0,1,0,0,0,0,0,0
18597,94,48,47,23,18,24,28,-3,-1,2683,19077,0,1,0,1,0,0,0,0,1,0,0,0,1,0,0
19911,94,49,49,30,27,18,21,1,-1,1524,18303,0,1,0,0,0,0,1,0,0,0,0,0,0,0,1
18055,94,47,46,15,20,31,25,-2,2,864,18422,0,1,0,0,0,0,0,1,0,0,0,1,0,0,0
14798,94,47,47,17,9,29,37,-1,-4,1207,19356,0,1,0,0,1,0,1,0,0,0,1,0,0,0,0
19596,94,47,48,39,30,7,17,1,-1,368,19596,0,1,0,0,0,0,0,1,0,0,0,0,1,0,0
21606,95,49,46,23,17,25,28,-2,-1,765,20917,0,0,1,1,1,0,0,0,0,0,1,0,0,0,0
20562,95,46,48,31,28,14,19,1,3,1055,20562,0,0,1,1,0,0,0,0,0,0,0,1,0,0,0
13643,95,48,49,27,21,20,27,-1,1,863,18118,0,0,1,1,1,0,0,0,1,0,1,0,0,0,0
17923,95,47,51,24,35,22,15,2,1,1016,17923,0,0,1,1,0,0,0,0,0,0,0,0,0,0,1
16779,95,48,47,19,26,28,20,1,3,1090,16867,0,0,1,0,1,0,0,0,0,1,0,0,0,1,0
19800,95,48,49,29,18,18,30,1,-3,1280.1,19800,0,0,1,1,1,1,0,0,0,0,0,0,0,1,0
18418,95,47,47,36,16,10,30,-1,-1,271,18418,0,0,1,0,0,0,0,0,0,1,0,0,0,0,1
19393,95,49,48,21,40,27,7,3,2,636,19980,0,0,1,0,0,0,1,0,0,0,0,0,1,0,0
19385,99,50,50,31,42,18,7,1,4,365,19060,0,0,0,0,0,0,0,1,0,0,0,0,1,0,0
15602,99,53,50,36,28,16,21,1,-1,793,18055,0,0,0,0,1,0,0,0,0,1,0,0,0,1,0
18418,99,49,49,37,18,11,30,1,-1,1731,18418,0,0,0,0,1,0,0,0,0,1,1,0,0,0,0
16473,99,49,52,28,17,20,34,5,1,2673,20356,0,0,0,1,0,0,0,0,1,0,0,0,1,0,0
18624,100,50,53,31,17,18,35,5,-1,2987,18624,1,0,0,1,0,1,0,0,0,0,0,0,1,0,0
17608,100,50,50,19,15,30,34,-2,-5,756,17608,1,0,0,0,0,0,0,1,0,0,0,0,1,0,0
17141,100,52,51,19,30,32,20,-2,-1,1280,18846,1,0,0,1,1,0,0,0,1,0,1,0,0,0,0
14557,100,50,49,9,26,40,22,-7,4,728,17732,1,0,0,1,1,1,0,0,0,0,0,0,0,0,0
18792,100,49,49,21,21,27,27,-2,-4,1044,19155,1,0,0,0,1,0,1,0,0,0,0,0,0,0,0
16934,100,50,50,22,19,27,30,1,-1,720,22076,1,0,0,1,0,0,0,0,0,0,0,1,0,0,0
18055,100,54,51,36,25,17,25,-1,2,1084,18055,1,0,0,0,1,0,0,0,0,1,0,0,0,0,0
18203,100,51,52,28,30,22,21,-3,3,467,18203,1,0,0,0,0,0,1,0,0,0,0,0,0,0,1
19393,100,51,50,22,19,28,30,1,3,2035,19980,1,0,0,0,0,0,1,0,0,0,0,0,0,0,1
16691,101,51,53,29,20,21,32,1,1,439,18118,0,1,0,1,1,0,0,0,1,0,0,0,0,1,0
19754,101,51,50,20,18,30,31,9,-2,1182,19600,0,1,0,1,1,0,0,0,1,0,1,0,0,0,0
19911,101,51,51,31,23,19,27,1,-6,2033,18303,0,1,0,0,1,0,1,0,0,0,0,0,0,1,0
17608,101,51,51,19,43,31,7,-3,5,87,17608,0,1,0,0,0,0,0,1,0,0,0,0,1,0,0
19812,101,52,49,22,33,29,15,1,1,463,19812,0,1,0,1,1,1,0,0,0,0,0,0,0,0,0
17660,101,50,51,27,23,22,27,5,2,318,17923,0,1,0,1,1,0,0,0,0,0,0,0,0,0,0
18418,101,50,50,38,22,11,27,2,1,935,18418,0,1,0,0,0,0,0,0,0,1,0,1,0,0,0
17192,101,51,50,16,21,34,28,1,-5,1829,18422,0,1,0,0,1,0,0,1,0,0,0,0,0,0,0
15081,101,51,53,19,30,31,22,-2,-1,830,19356,0,1,0,0,0,0,1,0,0,0,0,0,0,0,1
19651,101,50,51,29,19,20,31,6,-3,1085,20356,0,1,0,1,0,0,0,0,1,0,0,0,0,0,1
18624,102,51,51,32,31,18,19,6,-1,2987,18624,0,0,1,1,0,1,0,0,0,0,0,0,1,0,0
14245,102,51,52,9,30,41,21,-8,-2,494,17732,0,0,1,1,1,1,0,0,0,0,1,0,0,0,0
18203,102,52,52,29,22,22,29,1,-1,1909,18203,0,0,1,0,0,0,1,0,0,0,0,1,0,0,0
16270,106,53,56,24,38,28,17,1,2,1038,19077,0,0,0,1,0,0,0,0,1,0,0,0,0,0,1
17829,106,55,53,20,18,34,34,-2,-5,978,18846,0,0,0,1,1,0,0,0,1,0,1,0,0,0,0
19883,106,53,54,20,34,32,19,-2,4,1241,19200,0,0,0,0,0,0,0,0,0,1,0,1,0,0,0
18203,106,54,52,30,36,23,15,-1,4,1056,18203,0,0,0,0,1,0,1,0,0,0,0,0,0,0,0
19393,106,54,53,23,33,30,19,1,-1,3089,19980,0,0,0,0,1,0,1,0,0,0,1,0,0,0,0
16380,107,52,56,22,18,29,37,-1,-1,2060,18717,1,0,0,1,0,0,0,0,0,0,0,0,1,0,0
18119,107,56,53,33,44,22,8,3,1,2076.9,18119,1,0,0,0,0,0,0,0,0,1,0,0,1,0,0
17608,107,54,54,21,31,32,22,1,1,2467.7,17608,1,0,0,0,1,0,0,1,0,0,0,0,0,1,0
19812,107,55,53,22,23,32,29,-3,-1,1778.1,19812,1,0,0,1,0,1,0,0,0,0,0,1,0,0,0
15382,107,54,54,9,23,44,30,-11,12,1277,17732,1,0,0,1,1,1,0,0,0,0,0,0,0,1,0
17222,107,54,53,25,40,28,12,2,1,1507,22076,1,0,0,1,0,0,0,0,0,0,0,0,0,0,1
18055,107,54,54,16,26,37,27,-3,-1,1750.7,18422,1,0,0,0,1,0,0,1,0,0,0,0,0,0,0
16093,107,54,54,20,20,33,33,1,-1,1221,19356,1,0,0,0,0,0,1,0,0,0,0,0,0,0,1
19503,107,53,53,31,29,21,23,1,-1,578.2,20356,1,0,0,1,1,0,0,0,1,0,0,0,0,0,0
20562,108,53,54,36,24,16,29,-1,1,1330.6,20562,0,1,0,1,0,0,0,0,0,0,0,1,0,0,0
19483,108,54,54,24,32,29,21,-1,1,2423.8,19077,0,1,0,1,0,0,0,0,1,0,0,0,1,0,0
19911,108,55,54,34,34,20,19,-1,1,2367.6,18303,0,1,0,0,1,0,1,0,0,0,1,0,0,0,0
20052,108,54,56,21,20,32,35,1,-3,1090.5,19200,0,1,0,0,1,0,0,0,0,1,0,0,0,1,0
17923,108,54,53,29,22,24,30,-2,-2,279.6,17923,0,1,0,1,1,0,0,0,0,0,0,0,0,0,0
18055,108,57,55,39,17,17,37,3,1,1175.2,18055,0,1,0,0,0,0,0,0,0,1,0,0,1,0,0
20698,108,54,55,19,24,34,30,1,13,1183.4,20328,0,1,0,1,1,1,0,0,0,0,0,0,0,1,0
18203,108,55,54,31,45,23,8,1,2,1610.3,18203,0,1,0,0,0,0,1,0,0,0,0,0,1,0,0
17608,109,55,55,22,21,32,33,2,1,2276.8,17608,0,0,1,0,0,0,0,1,0,0,0,0,0,0,1
19812,109,56,54,22,41,33,12,-4,2,1819.2,19812,0,0,1,1,0,1,0,0,0,0,0,0,0,0,1
19800,109,55,55,32,25,22,29,-1,-1,240,19800,0,0,1,1,1,1,0,0,0,0,0,0,0,0,0
19356,109,55,55,20,26,34,28,-1,-2,407.5,19356,0,0,1,0,1,0,1,0,0,0,0,0,0,0,0
21866,113,57,57,27,37,29,19,1,4,985.6,20917,0,0,0,1,1,0,0,0,0,0,1,0,0,0,0
17233,113,57,55,29,33,27,21,-5,3,580.1,17923,0,0,0,1,1,0,0,0,0,0,0,0,0,1,0
20562,120,56,58,39,23,16,34,3,-1,464,20562,0,0,0,1,1,0,0,0,0,0,1,0,0,0,0
17608,120,58,57,24,25,33,31,-1,-1,1168.4,17608,0,0,0,0,0,0,0,1,0,0,0,1,0,0,0
17487,120,59,57,21,23,37,33,-1,-3,3032.3,18846,0,0,0,1,0,0,0,0,1,0,0,1,0,0,0
18470,120,58,59,23,40,34,18,2,-1,347,16867,0,0,0,0,0,0,0,0,0,1,0,0,0,0,1
14913,120,58,57,27,24,30,32,1,-4,666.1,22076,0,0,0,1,1,0,0,0,0,0,0,0,0,1,0
19596,120,57,57,47,35,9,21,1,4,368,19596,0,0,0,0,0,0,0,1,0,0,0,0,1,0,0
16064,121,56,58,25,35,30,22,3,1,1439,18717,1,0,0,1,0,0,0,0,0,0,0,1,0,0,0
21641,121,58,58,28,18,29,39,2,1,1755.6,20917,1,0,0,1,0,0,0,0,0,0,0,0,1,0,0
19060,121,58,57,35,43,22,13,-1,2,1358.6,19060,1,0,0,0,0,0,0,1,0,0,0,0,0,0,1
18122,121,57,58,32,25,24,32,-1,1,662.4,18118,1,0,0,1,1,0,0,0,1,0,0,0,0,1,0
17143,121,58,57,25,9,32,47,-2,-14,1786.8,19155,1,0,0,0,1,0,1,0,0,0,1,0,0,0,0
17923,121,58,59,29,34,28,24,-6,-1,465.6,17923,1,0,0,1,0,0,0,0,0,0,0,0,0,0,1
19800,121,58,58,33,37,24,20,1,-1,550,19800,1,0,0,1,1,1,0,0,0,0,1,0,0,0,0
19277,121,57,56,21,34,35,21,-1,4,132.2,20328,1,0,0,1,1,1,0,0,0,0,0,0,0,1,0
18203,121,58,59,32,19,25,39,1,-2,1331.3,18203,1,0,0,0,0,0,1,0,0,0,0,0,1,0,0
15948,121,58,57,22,22,35,34,1,-2,939,19356,1,0,0,0,0,0,1,0,0,0,0,0,0,0,1
20562,122,57,59,40,29,16,29,4,3,345.2,20562,0,1,0,1,1,0,0,0,0,0,0,0,0,0,0
19600,122,59,59,26,30,32,28,2,1,1195.4,19600,0,1,0,1,1,0,0,0,1,0,0,0,0,0,0
17608,122,59,58,25,24,33,33,1,-5,2682.2,17608,0,1,0,0,1,0,0,1,0,0,0,0,0,1,0
19812,122,59,58,23,22,35,35,-2,1,101.1,19812,0,1,0,1,1,1,0,0,0,0,1,0,0,0,0
18498,122,60,58,21,32,38,25,-2,-2,439.4,18846,0,1,0,1,1,0,0,0,1,0,0,0,0,1,0
20411,122,58,59,22,23,35,35,-3,-1,507.1,19200,0,1,0,0,0,0,0,0,0,1,0,0,0,0,1
18055,122,60,59,41,23,18,35,1,2,1179.8,18055,0,1,0,0,0,0,0,0,0,1,0,1,0,0,0
19596,122,58,58,48,9,9,48,2,-15,2915.9,19596,0,1,0,0,1,0,0,1,0,0,1,0,0,0,0
16051,123,57,59,25,18,31,40,-1,-1,1828.9,18717,0,0,1,1,0,0,0,0,0,0,0,0,1,0,0
19060,123,59,59,35,25,23,33,-2,1,2420.6,19060,0,0,1,0,1,0,0,1,0,0,0,0,0,1,0
18997,123,60,58,19,44,40,13,-3,3,1358.6,18997,0,0,1,0,0,0,0,1,0,0,0,0,0,0,1
18024,123,59,60,26,34,32,25,1,-2,1047.2,19155,0,0,1,0,0,0,1,0,0,0,0,0,0,0,1
20141,123,59,59,28,37,30,21,2,-2,717.9,22076,0,0,1,1,1,0,0,0,0,0,1,0,0,0,0
19800,123,59,58,34,24,24,33,2,1,2621,19800,0,0,1,1,0,1,0,0,0,0,0,1,0,0,0
18203,123,59,60,33,23,25,36,2,-2,707.9,18203,0,0,1,0,0,0,1,0,0,0,0,0,0,0,1
19648,123,57,59,34,36,22,22,-1,2,2083.5,20356,0,0,1,1,0,0,0,0,1,0,0,1,0,0,0
22253,127,61,61,30,50,30,10,-1,-1,2128.4,20917,0,0,0,1,0,0,0,0,0,0,0,0,1,0,0
16572,127,61,61,18,26,42,34,-3,1,2089.7,18422,0,0,0,0,1,0,0,1,0,0,0,0,0,1,0
19875,127,60,61,24,35,35,25,-2,4,1909,19980,0,0,0,0,0,0,1,0,0,0,0,1,0,0,0
16208,128,60,61,26,36,33,24,-2,-1,2060.4,18717,1,0,0,1,0,0,0,0,0,0,0,0,1,0,0
18877,128,61,60,34,41,26,18,2,-1,708.3,18118,1,0,0,1,1,0,0,0,1,0,0,0,0,0,0
19911,128,62,60,37,10,24,49,-2,1,2183,18303,1,0,0,0,1,0,1,0,0,0,1,0,0,0,0
18997,128,62,62,19,39,42,22,-5,1,2986.3,18997,1,0,0,0,1,0,0,1,0,0,1,0,0,0,0
17136,128,62,62,22,28,39,33,-1,1,234.2,18846,1,0,0,1,1,0,0,0,1,0,0,0,0,1,0
19480,128,61,62,24,36,36,25,-1,2,455.9,19200,1,0,0,0,0,0,0,0,0,1,0,0,0,0,1
17669,128,62,60,24,46,37,13,1,5,536.7,16867,1,0,0,0,0,0,0,0,0,1,0,0,0,0,1
18518,128,61,62,22,25,38,36,-3,1,100,20328,1,0,0,1,1,1,0,0,0,0,1,0,0,0,0
18055,128,62,62,19,35,42,26,1,-1,959,18422,1,0,0,0,0,0,0,1,0,0,0,1,0,0,0
20356,128,60,62,36,36,23,25,2,-1,483.6,20356,1,0,0,1,1,0,0,0,1,0,1,0,0,0,0
16775,129,61,63,27,37,33,25,1,1,619.8,18717,0,1,0,1,1,0,0,0,0,0,1,0,0,0,0
22807,129,62,62,31,36,30,25,1,-2,2017,20917,0,1,0,1,0,0,0,0,0,0,0,0,1,0,0
19600,129,63,61,28,42,34,18,-1,1,1240.1,19600,0,1,0,1,1,0,0,0,1,0,0,0,0,0,0
14708,129,62,62,28,26,33,35,2,-1,1562.1,19155,0,1,0,0,1,0,1,0,0,0,0,0,0,1,0
18055,129,63,63,43,36,19,26,1,-1,568.7,18055,0,1,0,0,0,0,0,0,0,1,0,0,0,0,1
19523,129,62,62,23,29,38,32,1,-1,619.1,20328,0,1,0,1,1,1,0,0,0,0,0,0,0,0,0
18418,129,61,62,47,25,13,36,6,2,1247.5,18418,0,1,0,0,0,0,0,0,0,1,0,1,0,0,0
19638,129,61,61,25,10,35,50,1,-1,2904.4,19980,0,1,0,0,1,0,1,0,0,0,1,0,0,0,0
15366,130,62,62,34,31,27,30,-1,-1,533.6,18118,0,0,1,1,1,0,0,0,1,0,0,0,0,0,0
17608,130,62,63,25,38,36,24,-3,1,651.9,17608,0,0,1,0,0,0,0,1,0,0,0,1,0,0,0
19812,130,63,62,25,50,37,11,-1,-2,2906.7,19812,0,0,1,1,0,1,0,0,0,0,0,0,1,0,0
18997,130,63,63,19,24,43,38,-6,-1,1895.7,18997,0,0,1,0,0,0,0,1,0,0,0,0,0,0,1
20232,130,62,63,25,35,36,27,1,-2,204.9,19200,0,0,1,0,0,0,0,0,0,1,0,1,0,0,0
16790,130,63,63,20,40,42,22,2,2,2648.8,18422,0,0,1,0,1,0,0,1,0,0,1,0,0,0,0
19195,130,61,63,36,23,24,39,-1,1,846.7,20356,0,0,1,1,1,0,0,0,1,0,0,0,0,1,0
16642,134,65,65,36,38,28,26,-3,-1,1798,18119,0,0,0,0,0,0,0,0,0,1,0,0,1,0,0
19421,134,65,63,31,42,33,20,-1,-2,205.9,22076,0,0,0,1,1,0,0,0,0,0,0,0,0,0,0
17552,134,65,65,21,19,43,45,-1,-8,374.6,18422,0,0,0,0,0,0,0,1,0,0,0,0,1,0,0
18203,134,65,64,35,50,29,13,-4,9,462.3,18203,0,0,0,0,0,0,1,0,0,0,0,0,0,0,1
19240,134,63,64,27,23,35,40,3,-2,2867.9,19980,0,0,0,0,1,0,1,0,0,0,1,0,0,0,0
16177,135,64,65,30,33,33,31,4,1,279.3,18717,1,0,0,1,1,0,0,0,0,0,0,0,0,0,0
21995,135,65,66,31,44,33,21,-3,-2,1085.5,20917,1,0,0,1,0,0,0,0,0,0,0,0,0,0,1
16078,135,65,65,35,38,29,26,1,1,950.8,18118,1,0,0,1,1,0,0,0,1,0,1,0,0,0,0
17444,135,65,66,28,24,36,41,-1,1,524.8,19077,1,0,0,1,1,0,0,0,1,0,0,0,0,1,0
17608,135,65,64,25,39,39,24,-6,3,2736.3,17608,1,0,0,0,1,0,0,1,0,0,0,0,0,1,0
20022,135,64,64,27,11,36,52,3,-1,1558.1,19200,1,0,0,0,1,0,0,0,0,1,1,0,0,0,0
17147,135,65,66,29,41,35,24,-1,1,1971.4,19155,1,0,0,0,1,0,1,0,0,0,1,0,0,0,0
20412,135,64,65,26,52,37,12,1,-1,1966.6,19356,1,0,0,0,0,0,1,0,0,0,0,0,1,0,0
18717,136,65,65,31,27,33,37,5,2,336.8,18717,0,1,0,1,0,0,0,0,0,0,0,1,0,0,0
19060,136,66,65,39,23,26,41,1,-3,2716.5,19060,0,1,0,0,1,0,0,1,0,0,1,0,0,0,0
17523,136,66,66,36,36,29,29,-4,2,383.1,18119,0,1,0,0,1,0,0,0,0,1,0,0,0,1,0
19745,136,66,66,31,38,34,27,3,-1,1483.2,19600,0,1,0,1,1,0,0,0,1,0,1,0,0,0,0
18196,136,66,66,29,25,36,40,1,-2,714.3,19077,0,1,0,1,0,0,0,0,1,0,0,0,0,0,1
17608,136,66,66,25,30,40,35,-7,1,1168.4,17608,0,1,0,0,0,0,0,1,0,0,0,1,0,0,0
18846,136,67,64,24,42,42,21,-1,-3,1036.5,18846,0,1,0,1,1,0,0,0,1,0,0,0,0,0,0
20324,136,65,66,28,21,36,44,4,-2,1064,19200,0,1,0,0,0,0,0,0,0,1,0,0,1,0,0
19607,136,66,66,32,26,33,39,1,-1,653,22076,0,1,0,1,1,0,0,0,0,0,1,0,0,0,0
18418,136,65,66,50,52,14,13,-1,-2,1720.1,18418,0,1,0,0,0,0,0,0,0,1,0,0,1,0,0
18203,136,66,66,36,41,29,24,1,4,1188,18203,0,1,0,0,0,0,1,0,0,0,0,1,0,0,0
19482,136,64,65,28,40,35,24,4,4,2808.5,19980,0,1,0,0,1,0,1,0,0,0,0,0,0,1,0
18624,137,67,66,41,31,25,34,-1,-4,984.5,18624,0,0,1,1,1,1,0,0,0,0,0,0,0,0,0
18997,137,66,66,20,23,45,42,1,-4,2716.5,18997,0,0,1,0,1,0,0,1,0,0,1,0,0,0,0
17732,137,65,67,11,26,53,40,-2,-2,6.2,17732,0,0,1,1,1,1,0,0,0,0,1,0,0,0,0
17923,137,66,67,33,32,32,34,-1,4,1194,17923,0,0,1,1,1,0,0,0,0,0,0,0,0,1,0
18055,137,67,65,45,43,21,21,1,1,1296.5,18055,0,0,1,0,1,0,0,0,0,1,0,0,0,0,0
16664,137,67,65,22,28,44,36,1,-1,1335.7,18422,0,0,1,0,0,0,0,1,0,0,0,1,0,0,0
20562,141,67,69,44,43,22,25,1,2,1726,20562,0,0,0,1,0,0,0,0,0,0,0,1,0,0,0
17063,141,68,69,37,38,30,30,-1,2,384.1,18118,0,0,0,1,0,0,0,0,1,0,0,0,0,0,1
19812,141,69,67,27,12,41,54,1,-1,7.7,19812,0,0,0,1,1,1,0,0,0,0,1,0,0,0,0
14179,141,68,69,32,40,35,28,3,-2,1020.1,19155,0,0,0,0,0,0,1,0,0,0,0,0,1,0,0
19800,141,68,68,39,38,28,29,1,3,1284.6,19800,0,0,0,1,0,1,0,0,0,0,0,1,0,0,0
19596,141,68,69,53,24,14,44,1,-3,2873.6,19596,0,0,0,0,1,0,0,1,0,0,0,0,0,1,0
19600,142,69,68,33,28,35,39,1,-1,1791.3,19600,1,0,0,1,0,0,0,0,1,0,0,1,0,0,0
18997,142,69,68,20,33,48,34,-3,1,2058.5,18997,1,0,0,0,1,0,0,1,0,0,0,0,0,0,0
17732,142,68,69,13,43,54,25,1,2,218,17732,1,0,0,1,1,1,0,0,0,0,1,0,0,0,0
17972,142,69,69,27,47,41,21,-1,3,346.8,16867,1,0,0,0,0,0,0,0,0,1,0,0,0,0,1
16541,142,69,69,33,39,35,29,-2,-1,241.5,22076,1,0,0,1,1,0,0,0,0,0,1,0,0,0,0
17642,142,68,68,24,29,43,38,-1,1,1462.8,20328,1,0,0,1,0,1,0,0,0,0,0,0,0,0,1
16880,142,69,70,22,24,46,45,-2,-4,2136.4,18422,1,0,0,0,1,0,0,1,0,0,0,0,0,1,0
20356,142,68,69,41,32,26,36,-2,-1,702.8,20356,1,0,0,1,1,0,0,0,1,0,0,0,0,0,0
21953,143,70,70,32,43,37,26,-2,-1,1395.2,20917,0,1,0,1,0,0,0,0,0,0,0,1,0,0,0
19379,143,70,68,40,45,29,22,-3,2,2346.5,19060,0,1,0,0,1,0,0,1,0,0,0,0,0,0,0
18119,143,70,68,39,52,30,15,3,-1,723.3,18119,0,1,0,0,0,0,0,0,0,1,0,0,0,0,1
16543,143,69,68,37,30,31,37,-2,1,2593.3,18118,0,1,0,1,0,0,0,0,1,0,0,1,0,0,0
19361,143,69,69,29,42,39,26,-3,1,400.7,19077,0,1,0,1,1,0,0,0,1,0,0,0,0,1,0
17512,143,69,70,33,47,35,22,4,-1,1032.3,19155,0,1,0,0,0,0,1,0,0,0,0,0,0,0,1
18203,143,69,69,39,27,29,41,4,2,1621,18203,0,1,0,0,0,0,1,0,0,0,0,0,1,0,0
19596,143,69,69,54,34,14,34,2,2,2172.8,19596,0,1,0,0,1,0,0,1,0,0,0,0,0,0,0
19600,144,70,69,34,31,35,37,2,2,3255,19600,0,0,1,1,0,0,0,0,1,0,0,1,0,0,0
18997,144,70,69,20,45,49,23,-4,-1,2346.5,18997,0,0,1,0,1,0,0,1,0,0,0,0,0,0,0
14045,144,69,69,13,29,55,39,-1,-1,1556.7,17732,0,0,1,1,0,1,0,0,0,0,0,0,0,0,1
16111,144,70,69,28,28,41,40,1,-2,1221.6,16867,0,0,1,0,0,0,0,0,0,1,0,1,0,0,0
19588,144,70,70,33,22,36,47,-3,-3,2028.9,22076,0,0,1,1,0,0,0,0,0,0,0,0,1,0,0
19800,144,70,69,40,35,29,33,1,1,536.4,19800,0,0,1,1,1,1,0,0,0,0,0,0,0,0,0
19446,144,69,70,25,44,43,25,1,3,312,20328,0,0,1,1,1,1,0,0,0,0,1,0,0,0,0
18418,144,69,70,52,27,16,42,-2,-1,1739,18418,0,0,1,0,0,0,0,0,0,1,0,0,1,0,0
19745,148,72,72,35,42,36,29,1,3,1483.2,19600,0,0,0,1,1,0,0,0,1,0,1,0,0,0,0
19703,148,71,73,30,43,40,29,-1,3,1437.7,19200,0,0,0,0,0,0,0,0,0,1,0,0,1,0,0
15141,148,71,72,14,22,56,49,1,-5,2426.5,17732,0,0,0,1,0,1,0,0,0,0,0,0,1,0,0
18418,148,71,72,54,40,16,31,2,-1,723.2,18418,0,0,0,0,0,0,0,0,0,1,0,0,0,0,1
19020,148,71,72,32,27,38,44,-1,-3,2896.3,19980,0,0,0,0,1,0,1,0,0,0,1,0,0,0,0
16786,149,72,72,36,37,35,34,2,-5,811,18717,1,0,0,1,1,0,0,0,0,0,0,0,0,1,0
21558,149,73,72,34,26,38,45,1,-2,764.6,20917,1,0,0,1,1,0,0,0,0,0,1,0,0,0,0
18624,149,73,73,46,22,26,50,2,-6,2634.9,18624,1,0,0,1,0,1,0,0,0,0,0,0,1,0,0
19511,149,72,71,32,46,39,24,3,-1,516.2,19077,1,0,0,1,1,0,0,0,1,0,0,0,0,0,0
18997,149,72,71,20,28,51,42,-6,-4,1927.7,18997,1,0,0,0,0,0,0,1,0,0,0,1,0,0,0
18076,149,73,73,26,34,46,38,-1,-2,1191.5,18846,1,0,0,1,1,0,0,0,1,0,0,0,0,0,0
17923,149,72,72,36,34,35,37,-1,1,1083.7,17923,1,0,0,1,0,0,0,0,0,0,0,1,0,0,0
18055,149,72,72,49,30,22,41,2,3,346.8,18055,1,0,0,0,0,0,0,0,0,1,0,0,0,0,1
19596,149,72,72,57,27,14,44,5,-3,87,19596,1,0,0,0,0,0,0,1,0,0,0,0,1,0,0
19616,149,72,72,43,15,28,56,1,2,229.4,20356,1,0,0,1,1,0,0,0,1,0,1,0,0,0,0
20562,150,72,73,47,44,24,28,1,2,375.7,20562,0,1,0,1,1,0,0,0,0,0,0,0,0,1,0
19060,150,74,73,43,44,30,28,-1,1,690.7,19060,0,1,0,0,0,0,0,1,0,0,0,1,0,0,0
19934,150,72,73,31,43,40,29,1,4,1417.1,19200,0,1,0,0,1,0,0,0,0,1,1,0,0,0,0
18418,150,72,73,55,27,16,45,3,-4,1819.8,18418,0,1,0,0,1,0,0,0,0,1,1,0,0,0,0
19580,150,72,72,33,28,38,43,1,-5,1727.5,19980,0,1,0,0,0,0,1,0,0,0,0,1,0,0,0
17669,151,73,74,37,34,35,39,3,-1,91,18717,0,0,1,1,1,0,0,0,0,0,0,0,0,0,0
18624,151,74,73,47,35,26,37,3,-1,1490.1,18624,0,0,1,1,1,1,0,0,0,0,0,0,0,1,0
19060,151,75,73,44,27,30,45,1,-4,384.4,19060,0,0,1,0,0,0,0,1,0,0,0,0,1,0,0
15921,151,73,73,37,15,35,57,-6,-1,863.7,18118,0,0,1,1,1,0,0,0,1,0,1,0,0,0,0
17292,151,73,74,32,22,40,51,-1,-7,2090.7,19077,0,0,1,1,0,0,0,0,1,0,0,0,1,0,0
18698,151,73,73,21,34,51,38,1,2,964.6,18997,0,0,1,0,0,0,0,1,0,0,0,1,0,0,0
19850,151,73,73,35,30,37,42,2,-1,1298.4,19155,0,0,1,0,0,0,1,0,0,0,0,0,0,0,1
16467,151,73,73,36,27,36,45,-2,1,648.3,17923,0,0,1,1,1,0,0,0,0,0,1,0,0,0,0
18055,151,73,72,50,41,22,30,3,1,446.2,18055,0,0,1,0,0,0,0,0,0,1,0,1,0,0,0
19596,151,73,73,58,40,14,32,6,-2,2076.5,19596,0,0,1,0,0,0,0,1,0,0,0,0,0,0,1
22282,155,75,74,35,47,39,26,1,-2,345.8,20917,0,0,0,1,1,0,0,0,0,0,0,0,0,0,0
15804,155,76,75,34,16,41,58,-5,-1,661.1,22076,0,0,0,1,1,0,0,0,0,0,1,0,0,0,0
16736,155,76,77,22,45,53,31,-9,1,374.6,18422,0,0,0,0,0,0,0,1,0,0,0,0,1,0,0
18179,155,74,75,29,21,44,53,1,-2,1930.3,19356,0,0,0,0,0,0,1,0,0,0,0,0,1,0,0
20049,155,75,75,36,51,38,23,4,-1,2272.5,19980,0,0,0,0,0,0,1,0,0,0,0,0,0,0,1
18717,156,76,77,39,35,36,41,2,1,392.1,18717,1,0,0,1,1,0,0,0,0,0,0,0,0,0,0
20562,156,75,76,47,28,27,47,-3,-1,435.1,20562,1,0,0,1,1,0,0,0,0,0,1,0,0,0,0
18624,156,76,76,48,27,27,48,-1,-2,1286.3,18624,1,0,0,1,1,1,0,0,0,0,0,0,0,1,0
17317,156,76,75,41,31,34,43,1,-3,456.2,18119,1,0,0,0,0,0,0,0,0,1,0,0,0,0,1
19600,156,76,76,37,28,38,47,2,-1,1276,19600,1,0,0,1,1,0,0,0,1,0,1,0,0,0,0
18353,156,76,75,34,35,41,39,1,-2,1562.6,19077,1,0,0,1,0,0,0,0,1,0,0,1,0,0,0
19911,156,76,76,46,46,29,29,2,-1,2087.2,18303,1,0,0,0,1,0,1,0,0,0,0,0,0,1,0
17304,156,76,76,32,29,43,46,1,-1,2274,16867,1,0,0,0,0,0,0,0,0,1,0,0,1,0,0
19800,156,76,76,45,37,30,38,-1,-2,536.4,19800,1,0,0,1,1,1,0,0,0,0,0,0,0,0,0
18203,156,75,75,43,57,31,17,2,-1,462.3,18203,1,0,0,0,0,0,1,0,0,0,0,0,0,0,1
19596,156,76,76,61,51,14,24,9,-2,1914.3,19596,1,0,0,0,0,0,0,1,0,0,0,0,0,0,1
22019,157,76,76,36,39,39,36,2,2,716.1,20917,0,1,0,1,1,0,0,0,0,0,0,0,0,1,0
19060,157,78,76,46,21,31,54,2,-3,0,19060,0,1,0,0,0,0,0,1,0,0,0,0,1,0,0
15976,157,76,77,16,27,59,49,-2,-3,1073.6,17732,0,1,0,1,1,1,0,0,0,0,0,0,0,1,0
18960,157,75,77,30,29,44,47,2,-2,1883,19356,0,1,0,0,0,0,1,0,0,0,0,0,1,0,0
18915,157,76,77,37,22,38,54,5,-10,1335,19980,0,1,0,0,0,0,1,0,0,0,0,0,1,0,0
18717,158,77,76,40,31,36,44,3,-4,1000.6,18717,0,0,1,1,0,0,0,0,0,0,0,0,0,0,1
20562,158,76,77,48,37,27,39,1,-3,315.1,20562,0,0,1,1,1,0,0,0,0,0,0,0,0,0,0
19600,158,77,76,37,35,39,40,-1,-3,2063.5,19600,0,0,1,1,0,0,0,0,1,0,0,1,0,0,0
19812,158,77,77,29,49,47,27,1,1,214.1,19812,0,0,1,1,1,1,0,0,0,0,1,0,0,0,0
18997,158,77,77,21,42,55,34,-4,2,1795.6,18997,0,0,1,0,0,0,0,1,0,0,0,0,0,0,1
15040,158,77,77,17,39,59,37,1,-1,864.8,17732,0,0,1,1,1,1,0,0,0,0,0,0,0,1,0
18306,158,77,77,33,37,43,39,2,3,927.8,16867,0,0,1,0,1,0,0,0,0,1,0,0,0,0,0
19800,158,77,77,46,28,30,48,1,-2,501.3,19800,0,0,1,1,1,1,0,0,0,0,1,0,0,0,0
18418,158,76,77,58,47,17,29,1,3,1310.9,18418,0,0,1,0,0,0,0,0,0,1,0,1,0,0,0
17378,158,78,77,22,51,55,25,-11,-3,1177.2,18422,0,0,1,0,0,0,0,1,0,0,0,0,0,0,1
18203,158,76,77,43,35,32,41,-1,2,1091.9,18203,0,0,1,0,1,0,1,0,0,0,0,0,0,1,0
19596,158,77,77,62,46,14,30,10,-2,2820.1,19596,0,0,1,0,1,0,0,1,0,0,0,0,0,1,0
18688,162,78,79,39,50,38,28,-2,-1,1075,18118,0,0,0,1,1,0,0,0,1,0,1,0,0,0,0
19812,162,79,79,30,47,48,31,1,1,227,19812,0,0,0,1,1,1,0,0,0,0,0,0,0,1,0
18095,162,79,79,27,19,51,59,-5,3,1073,18846,0,0,0,1,1,0,0,0,1,0,1,0,0,0,0
17010,162,79,79,38,40,40,38,1,-2,279.6,17923,0,0,0,1,1,0,0,0,0,0,0,0,0,0,0
15177,162,79,79,28,38,50,40,-4,-1,765,20328,0,0,0,1,1,1,0,0,0,0,0,0,0,0,0
19393,162,79,78,38,31,40,46,-2,-1,1727.5,19980,0,0,0,0,0,0,1,0,0,0,0,1,0,0,0
20562,163,79,79,51,40,27,38,4,1,707.8,20562,1,0,0,1,1,0,0,0,0,0,0,0,0,1,0
17631,163,80,80,42,30,37,49,-3,-1,1098.9,18119,1,0,0,0,1,0,0,0,0,1,1,0,0,0,0
19911,163,79,79,48,31,30,47,1,-2,1233.4,18303,1,0,0,0,0,0,1,0,0,0,0,1,0,0,0
18997,163,79,79,23,31,55,47,2,2,384.4,18997,1,0,0,0,0,0,0,1,0,0,0,0,1,0,0
20133,163,79,79,32,60,46,18,-2,-1,286.9,19200,1,0,0,0,0,0,0,0,0,1,0,0,0,0,1
16348,163,79,79,37,33,41,45,-1,-2,1298.4,19155,1,0,0,0,0,0,1,0,0,0,0,0,0,0,1
19800,163,80,79,48,38,31,40,1,1,1483.8,19800,1,0,0,1,1,1,0,0,0,0,0,0,0,1,0
18055,163,79,79,53,35,25,43,2,-2,1331.6,18055,1,0,0,0,1,0,0,0,0,1,0,0,0,0,0
18055,163,80,79,22,45,57,33,-13,2,959,18422,1,0,0,0,0,0,0,1,0,0,0,1,0,0,0
19407,164,80,80,36,50,43,29,-2,-2,838.5,19077,0,1,0,1,1,0,0,0,1,0,1,0,0,0,0
18846,164,80,80,28,39,51,40,1,2,972.6,18846,0,1,0,1,1,0,0,0,1,0,0,0,0,0,0
17732,164,80,80,19,39,60,40,-1,1,794.1,17732,0,1,0,1,1,1,0,0,0,0,0,0,0,0,0
16301,164,80,80,28,40,51,39,-5,-3,854.1,20328,0,1,0,1,1,1,0,0,0,0,0,0,0,0,0
18420,164,80,80,61,48,18,31,1,4,1358.1,18418,0,1,0,0,0,0,0,0,0,1,0,0,1,0,0
19865,164,80,80,39,49,40,30,1,2,764.1,19980,0,1,0,0,0,0,1,0,0,0,0,1,0,0,0
19596,164,80,80,65,33,14,46,13,-3,2258.3,19596,0,1,0,0,0,0,0,1,0,0,0,0,0,0,1
20365,164,80,80,48,38,31,41,2,-1,1050.5,20356,0,1,0,1,1,0,0,0,1,0,0,0,0,1,0
16521,165,81,80,43,36,37,43,1,1,774.1,18119,0,0,1,0,1,0,0,0,0,1,0,0,0,0,0
18835,165,80,80,41,51,38,28,2,-1,708.3,18118,0,0,1,1,1,0,0,0,1,0,0,0,0,0,0
17608,165,80,80,31,53,48,26,-1,-1,1932.8,17608,0,0,1,0,0,0,0,1,0,0,0,0,0,0,1
19812,165,81,81,30,49,50,31,-2,2,492.4,19812,0,0,1,1,1,1,0,0,0,0,1,0,0,0,0
18997,165,80,80,24,31,55,48,3,-3,1927.7,18997,0,0,1,0,0,0,0,1,0,0,0,1,0,0,0
19718,165,80,80,38,45,41,34,1,-1,677.6,19155,0,0,1,0,0,0,1,0,0,0,0,1,0,0,0
18055,165,81,80,23,32,57,47,1,-3,1064.1,18422,0,0,1,0,0,0,0,1,0,0,0,0,0,0,1